{
  "orig": {
    "train": [
      1.8709352697644914,
      1.6442600318363734,
      1.5720639739717757,
      1.4008208342960902,
      1.3647883789879935,
      1.3094711303710938,
      1.138683327606746,
      1.1493738378797258,
      1.0816646814346313,
      1.1610752173832484,
      1.1349913733346122,
      1.042516793523516,
      1.040644986288888,
      1.041728138923645,
      0.8962797863142831,
      0.8574655055999756,
      0.9627853291375297,
      0.8410968950816563,
      0.867670578616006,
      0.8485180480139596,
      0.8231557863099235,
      0.9579828466687884,
      0.7752330814089093,
      0.7761648552758353,
      0.7857869778360639,
      0.9174652099609375,
      0.7684989401272365,
      0.7858665926115853,
      0.7838714122772217,
      0.7233633313860212
    ],
    "val": [
      1.7919460194451469,
      1.9004853452954973,
      1.9783885138375419,
      2.3322976657322476,
      2.557717595781599,
      2.8713764463152205,
      2.7284413065229143,
      2.5724636146000455,
      2.7200072833469937,
      2.7725698266710554,
      2.6605879919869557,
      2.108204194477626,
      1.7551995004926408,
      1.6968964508601598,
      1.70972056048257,
      1.4917025906699044,
      0.8158206769398281,
      0.8182228803634644,
      0.9526193652834211,
      1.041953342301505,
      0.9062038489750454,
      0.7650674836976188,
      0.772541207926614,
      0.7776363066264561,
      0.7363309860229492,
      0.703803403036935,
      0.691048264503479,
      0.6841079592704773,
      0.6834170648029873,
      0.680788917200906
    ],
    "iou": [
      0.24145164113685375,
      0.0008180907699268694,
      7.777482993795072e-05,
      5.9704220228093895e-05,
      4.274751397270095e-05,
      3.291378608165927e-05,
      4.3563969773646345e-05,
      4.423807576094545e-05,
      4.259869321140781e-05,
      3.645628092254029e-05,
      0.0013008479881561228,
      0.248324566383498,
      0.3701961292784381,
      0.37299368938906635,
      0.38574612448429424,
      0.48228971151981725,
      0.7215375523524941,
      0.6973529780985077,
      0.6776010457311651,
      0.6497595606637647,
      0.7146151654785801,
      0.7463365461489658,
      0.721992614700098,
      0.7513372143622714,
      0.7776589647564011,
      0.7833554510972446,
      0.7842713631635455,
      0.7848188487570349,
      0.7842512856667841,
      0.7751953118294534
    ]
  },
  "bal": {
    "train": [
      1.7821482523627903,
      1.5937679332235586,
      1.4367486497630244,
      1.3557827265366265,
      1.2277254799137944,
      1.2955386534981106,
      1.2691380977630615,
      1.1338718248450237,
      1.0663991622302844,
      1.1166750918263975,
      1.08083220668461,
      0.9837857225666875,
      0.9500038986620696,
      0.858404322810795,
      0.9810234411903049,
      0.9712449053059453,
      0.9349680672521177,
      0.8787388853404833,
      0.816302988840186,
      0.8376981123634006,
      0.7884908525840096,
      0.709883653599283,
      0.716733279435531,
      0.7424993100373641,
      0.6798436745353367,
      0.7064746877421504,
      0.7845759184464164,
      0.634500088899032,
      0.6857451666956362,
      0.7139669630838477,
      0.8043853899706965,
      0.7518884928330131,
      0.6518641917601876,
      0.7759511652200118,
      0.6502630606941555
    ],
    "val": [
      1.8467505829674857,
      2.168947628566197,
      2.5210495676313127,
      2.9020392213548933,
      3.0359885351998463,
      2.5916987487248013,
      2.2643465995788574,
      2.4152071475982666,
      2.301661900111607,
      1.9068168912615096,
      1.1031603983470373,
      0.9088633401053292,
      0.9963104384286063,
      1.1232574837548392,
      1.1050523349217005,
      0.8837951081139701,
      0.7618314368384225,
      0.7598482200077602,
      0.8458634104047503,
      0.6048376134463719,
      0.5734484110559736,
      0.8423773561205182,
      0.9042952741895404,
      0.4965008795261383,
      0.5165457044328962,
      0.4731696588652475,
      0.4441993832588196,
      0.4439106583595276,
      0.44852082218442646,
      0.5024134090968541,
      0.44324879135404316,
      0.419874723468508,
      0.41915153179849896,
      0.4135626426764897,
      0.4175888981137957
    ],
    "iou": [
      0.004728433894925712,
      0.0002781273193097187,
      0.0003465638863070515,
      0.00017066636262201378,
      0.00024934613348118477,
      0.027531002386438103,
      0.04416497166095788,
      0.009912375098570708,
      0.0660149570887766,
      0.26385261706838176,
      0.605966222869168,
      0.597626338244495,
      0.6579508342686846,
      0.6130789707121909,
      0.6131576743617814,
      0.6983013774034148,
      0.6916053463659504,
      0.6328399417715619,
      0.5856025588320424,
      0.7433156523177155,
      0.8014195560802309,
      0.7397090586950498,
      0.5805232810878006,
      0.8063449084882364,
      0.8283139825306036,
      0.8001668499687098,
      0.8307097550730407,
      0.8470853178756119,
      0.8491643573571739,
      0.8453266077056582,
      0.8545619455757967,
      0.8515460842533281,
      0.8470575100223205,
      0.8477915774424294,
      0.8449367340768948
    ]
  }
}